{
        "version": 1,
        "partitions": [{
                        "topic": "commits-offsets",
                        "partition": 0,
                        "replicas": [0, 1, 2]
                },
                {
                        "topic": "commits-offsets",
                        "partition": 1,
                        "replicas": [0, 1, 2]
                },
                {
                        "topic": "commits-offsets",
                        "partition": 2,
                        "replicas": [0, 1, 2]
                }
        ]

}
